0,"@iYume_ @OhmArsene @francoiscarpit1 @PorcherThomas @JLGagnaire @enmarchefr Pfffff on ne peux plus rien dire ........
IsraÃ«l a des comportements de nazi vis a vis des palestinien, vole de terre, vallÃ©e de Golan, colonie, bombe h, Netanyahou en tÃªte.
La 3em guÃ¨re mondial sera dÃ©clencher par IsraÃ«l.

Mais on peut pas le dire ?    Goodwin ?   Pfffff ....."
1,"Lâ€™objectif de ce post Ã©tait simple : quelle la cohÃ©rence entre le fÃ©minisme affichÃ© par lâ€™@unef (contraception, IVG, mariage pour tous, PMA...) et votre super militante qui affiche ainsi sa croyance religieuse ?

Il va falloir arrÃªter de prendre les Ã©tudiants pour des abrutis. https://t.co/ZT7ZXrJmyL"
2,"Propos honteux et nausÃ©abonds... Quel est l'objectif de cette publication si ce n'est de permettre le dÃ©chaÃ®nement de haine raciste et islamophobe contre une femme qui ose prendre la parole?
Soutien Ã  Maryam, une grande militante syndicale !
@laurentbouvet"
3,Donc la yâ€™a tellement 3 white qui veulent mâ€™expliquer que beurette câ€™est pas raciste ? Tu leur dit mayonnaise ils pleurent 3 ans.
4,@YassEncore LAISSEZ LES ENFANTS CHOISIR DE LEUR SEXE AU LIEU D'ÃŠTRE CISGENRE BLANC RACISTE GROSSOPHOBE HOMOPHOBE LGBT PNEU CONTINENTAL
5,"Depuis qu'elle a rÃ©pondu Ã  une itw sur la sÃ©lection Ã  l'universitÃ©, Maryam Pougetoux, est la cible d'une odieuse campagne de harcÃ¨lement raciste. Ceux qui rÃªvent de musulmans invisibles &amp; silencieux n'ont pas supportÃ© de la (sa)voir prÃ©sidente d'un syndicat Ã©tudiant ET voilÃ©e. https://t.co/WmXyxB4F9H"
6,Tes une babtou tu peux pas comprendre https://t.co/rphEI7gRf8
7,"AthÃ©e, je ne pourrais pas me sentir reprÃ©sentÃ© par une militante religieuse. Mais, câ€™est le problÃ¨me des militants du syndicat en cause. https://t.co/DGMePWEGwD"
8,"Juste pour bien recontextualiser les choses : c'est un Ã‰tat colonial, raciste &amp; d'apartheid qui a gagnÃ© l'#Eurovision 2018. Que la culture ne serve pas Ã  blanchir IsraÃ«l de ses crimes coloniaux, des meurtres de manifestants, des arrestations arbitraires &amp; de l'occupation. https://t.co/KYacq2z5qJ"
9,il ya un mec qui ma mentionnÃ© alors que  sa go ce fais soulever par des nÃ©gro d'ci #truestory  continu ta muscu pd
10,"Â«beuretteÂ» câ€™est surtout un mot dÃ©gradant aux connotations sexuelles qui continue de faire vivre le spectre dâ€™un passÃ© colonial violent et câ€™est pas toi, Charlotte, qui va dire a mes sÅ“urs maghrÃ©bines ce qui est raciste et ce quâ€™elles doivent accepter. Vous nâ€™avez plus ce droit. https://t.co/ujlNhE8RPR"
11,@Sakwws C'est pas mon problÃ¨me. ArrÃªtez de pleurnicher. Le mot beurette est utilisÃ© pour dÃ©signer les fofolles maghrÃ©bines sans pudeur par des maghrÃ©bins principalement. Y'a rien de raciste donc votre zumba coloniale lÃ  faut arrÃªter.
12,"L'@UNEF dÃ©cide d'afficher le vÃªtement le + raciste &amp; sexiste que l'homme ait inventÃ©. Il participe Ã  la promo de l'idÃ©ologie politique des FrÃ¨res Musulmans depuis 1 moment. @laurentbouvet le pointe sans agressivitÃ©. L'UNEF inverse les rÃ´les, indigÃ©nistes &amp; islamistes s'enflamment https://t.co/nfk2TYo80Y"
13,@CISWhiteMale4 @Arkhanciel @Nathandco @lordmahammer Parler de crÃ©tinerie quand on voit ta TL de Nazi c'est un compliment que j'accepte volontiers.
14,Amazon fait venir des travailleurs Ã©trangers pour bosser dans ses entrepÃ´ts en Allemagne et emploie des nÃ©o nazis pour les surveiller et les intimider. Normal. https://t.co/kU9l6iHpgY
15,Si vous voyez quelquâ€™un avec ce type de lunettes câ€™est que la personne est raciste. Nâ€™agissez pas seul. https://t.co/MSQeFx2Q4S
16,"C'est grave vrai, les mecs de la bac aussi ils on TOUJOURS ces lunettes https://t.co/jXOMAvL8dF"
17,Vous imaginez une petite racaille de Daesh qui se pointe avec un couteau et qui tombe sur des citoyens FranÃ§ais armÃ©s ? https://t.co/RLXoXyxnTL
18,"@chxgtl Mais tâ€™es stupide??? Tâ€™es blanche donc tu nâ€™as pas Ã  dÃ©finir ce qui est raciste ou non pour une maghrÃ©bine. Ã‰duque toi. Viens me dire beurette en face Ã  face on va voir si tu vas pas te faire gifler, tu fais la maligne derriÃ¨re un Ã©cran irl tâ€™assumerai pas"
19,"Lallab condamne fermement ce dÃ©versement de haine et cyber-harcÃ¨lement que subit Myriam. Parce que ğŸšº et voilÃ©e, elle nâ€™aurait donc pas le droit de sâ€™exprimer ? Nous nous battrons contre celleux qui silencient ces ğŸšº et alimentent ainsi lâ€™islamophobie. #SoutienAMaryam https://t.co/P3Ego4wCzg"
20,"CP de UNEF Sorbonne UniversitÃ©:
#SoutienAMaryam, la prÃ©sidente de @unefparis4, victime dâ€™un harcÃ¨lement sur les rÃ©seaux sociaux.
Nous condamnons fermement le dÃ©ferlement de haine raciste, sexiste et islamophobe dont Maryam est victime.
L'@UNEF soutient Maryam contre ces attaques! https://t.co/RMuzoZdX9C"
21,#Wow puis on essaie de nous vendre #Trump comme un Clown raciste et misogyne # dÃ©solant . Ces mÃ©dias qui nous manipulent ğŸ˜ #Enjoy discours https://t.co/VVhceRj4mX
22,"Bel article anticommuniste primaire qui n'aide pas Ã  comprendre la situation en Italie
En quoi est-ce une alliance rouge/brune ?
Les 5 Ã©toiles ont plutÃ´t jouÃ© le ni droite ni gauche attirant un Ã©lectorat complexe
Beppe Grillo a toujours Ã©tÃ© un raciste patentÃ©
Clarification en vue https://t.co/cAnsPlmOUg"
23,"Lâ€™ #UNEF sâ€™offusque de la dÃ©nonciation de sa dÃ©rive islamo-gauchiste. Outre les scandales sexuels, blocages de facs et ateliers ""clito en pÃ¢te Ã  sel"", rappelons que Sonia Nour qualifiait le terroriste de Marseille de ""martyr"" et que Hafsa Askar voulait ""gazer tous les Blancs"" https://t.co/FEQFq7olZX"
24,"@TrumpFrance Salut les losers,
Le terrorisme islamiste, c'est un peu moins de 250 morts en France depuis 2015.
Sur la mÃ¨me pÃ©riode, il y a eu prÃ¨s de 42.000 morts et 85.000 blessÃ©s par balle aux USA dans 165.000 fusillades.
La paille, la poutre, toussa...
Autre chose ?
https://t.co/N91IMdFgri"
25,Les Italiens vont les prolonger dans une sauce tellement raciste ptdr je nâ€™ai mÃªme pas envie de voir Ã§a https://t.co/Irp2SvJUpW
26,@VendeenOL @MassiliaFan26 @Twitter @TwitterFrance @PoliceNationale @Gendarmerie @OL @Ligue1Conforama @UEFA @UEFAcom_fr @JM_Aulas question tu es raciste? je demande direct comme Ã§a au moins on est fixÃ©...
27,"Aujourdâ€™hui, il va sans doute encore y avoir des morts, des jeunes gens, des manifestants, des dÃ©sespÃ©rÃ©s, morts-tÃ©moins de lâ€™inhumanitÃ© raciste."
28,Je me suis fais traiter de Â«Â babtouÂ fragileÂ» par un enfant aujourdâ€™hui en surveillance de cantine parce que je lui demandais de manger avec ses couverts ğŸ˜­
29,"""Non mais franchement ! Une adulte qui porte le voile ! En France !! Encore son pÃ¨re qui lâ€™y oblige"" 

Vs 

"" Porte ta kippa en paix petit garÃ§on !! Tu es assez grand pour choisir tout seul"" 

Et jâ€™suis pas raciste ma meilleure amie est plus noire quâ€™une arabe ! 

#SoutienAMaryam https://t.co/jqdOhylfzx"
30,"@F_Desouche Virginie ne pas oublier Ã©galement le nazi nazi modÃ©rÃ©
C'est ce qu'il fait la diffÃ©rence
Il faudra mÃ©diter en te  rasn on's       la chatte"
31,"Les noirs aiment les destinations de pays raciste comme Dubai, Israel, Italie , ThaÃ¯lande et jâ€™en passe... ils prÃ©fÃ¨rent aller visiter des pays negrophobe que aller en Afrique."
32,"Les musulmanes fÃ©ministes, vous n'Ãªtes jamais obligÃ©es de faire de la pÃ©dagogie et d'expliquer en quoi l'islam et le fÃ©minisme sont compatibles, surtout quand c'est un.e raciste qui vous le demande !"
33,"Les blancs ils utilisent n*gro, be*rette, niafou &amp; bougnoul mais quand tu leur dit Â«Â tâ€™es blancÂ Â» ils commencent avec leurs white tears Â«Â tu dÃ©nonces le racisme mais tu me dÃ©finis par Â«Â blancÂ Â» ouin ouinÂ Â»"
34,"Bon il va falloir mettre fin Ã  ce dÃ©bat une bonne fois pour toute

RT pour Mandanda el fenomeno

Fav pour Lloris le babtou fragile avc sa tÃªte de pantin https://t.co/sqrr2zsC8u"
35,"@MaAxX_LSA @Neokyojin @BeneLeDozo @dutour_guitou @mbatshuayi AdulÃ© ? Vous vous foutiez de sa gueule en faisant des cris de singe et tu peux pas dire le contraire ğŸ˜‚ğŸ˜‚
Et non je suis pas raciste sinon je ferai de mÃªme pour les joueurs de couleurs Ã  l' OLğŸ˜‚ğŸ˜‚ mais comme vous Ãªtes dÃ©biles 
Ã  Marseille, dire"" bamboula "" c'est raciste ğŸ˜‚ğŸ˜‚"
36,"Tu sais monsieur, #Adulte et #Identitaire, Ã§a va pas bien ensemble...
#lÃ¢chetÃ© #criminelle, #Racisme et #nÃ©gation de l'#Histoire et de la  #DÃ©mocratie.. https://t.co/GJALVGD4gx"
37,"[...] Les bateaux nÃ©griers ont crÃ©Ã© les catÃ©gories raciales. Par exemple, quand les africains montaient Ã  bord du navire, ils embarquaient en tant quâ€™igbo, fanti ou mende. Mais quand ils dÃ©barquaient, ils Ã©taient devenus des gens de race noire (Â«Â negro raceÂ Â»)."
38,L'UNEF traite l'intellectuel Laurent Bouvet de raciste pour avoir dÃ©noncÃ© le voile de l'une de leur reprÃ©sentante. - PrÃªchi-PrÃªcha https://t.co/8rgqTn50oc
39,@Arf4ng @Lacrimosaxxl Qud on est faible on a l insulte au bout de la langue. Si Ãªtre gagnant c toiser son prochain j prÃ©fÃ¨re Ãªtre un looser malgrÃ© le dÃ©goÃ»t que j ressent tu resteras un frÃ¨re mais tout de mÃªme un frÃ¨re ignare et rebutant. EspÃ¨ce de raciste ravalÃ© ton cul
40,"Aussi dÃ©testable que le gros benÃªt raciste ou misogyne : le bourgeois qui tend le micro au gros benÃªt, dans lâ€™espoir de rire de sa misogynie ou de son racisme, et dans celui de sâ€™acheter ainsi une bonne conscience Ã  peu de frais."
41,"Les Ã©tudiant-e-s du #Mirail rÃ©uni-e-s en AssemblÃ©e GÃ©nÃ©rale ce midi votent Ã  l'unanimitÃ© le #SoutienAMaryam responsable @UNEF victime d'un harcÃ¨lement sexiste, raciste et islamophobe depuis plusieurs jours juste parce qu'elle porte le voile !"
42,"En plus Ã§a vient dire que ""white gay"" câ€™est raciste wow mais vous avez de la faisselle dans le crÃ¢ne ou alors vous cherchez pas Ã  vous Ã©duquer un minimum mdrr"
43,"@Wooloowoo Ok. Vous pourriez aussi vous demander pourquoi parmi les ""musulmanes occidentales"" qui ont une visibilitÃ© mÃ©diatique, aucune ne porte le hidjab. Ce qui nous ramÃ¨nerait au Printemps rÃ©publicain et Ã  son entreprise de profilage raciste systÃ©matique."
44,@laurentwauquiez Vs avez aucunes burnes tous autant que vous Ãªtes...Qd vous l ouvrez la gauchiasse vous traite de facho nazi pas beau et comme faut penser aux Ã©lections suivantes vous rangez vos convictions dans la poche et vous fermez votre gueule laissant la sociÃ©tÃ© moisir pour vos ambitions
45,"@mathilde260299 @Nain_Portekoi VoilÃ  les personnes voulant s""y rendre sont triÃ©es donc de fait une catÃ©gorie en est exclue
 Je ne confonds pas peuple et gouvernement en place car en IsraÃ«l le parti politique Ã©lu est tout simplement raciste . Envois moi une carte postale Ã  la rigueur ! :-)"
46,"@MichaelRwk77 @CyrilDannely Oui tâ€™as zÃ©ro culture politique, des connaissances politiques digne dâ€™une pierre. Oui on Ã©volue car la gauche paternaliste, raciste câ€™est pas pour nous. On sâ€™amÃ©liore câ€™est pas ton cas dommage"
47,.@DILCRAH @_LICRA_ @ccif @TweeterSupport Ignoble raciste affiche numÃ©ro de tÃ©lÃ©phone â€¼ï¸mise en dangerâ€¼ï¸@JBurtschell &lt;&lt; Ã  signaler sans vomirâ€¼ï¸ nombreux pharos faitsâ€¼ï¸ https://t.co/qoHqQxodQR
48,@F_Desouche une racaille de moins mais c'est hÃ©las au BrÃ©sil   !!!!
49,"Promouvoir une responsable portant le voile au nom d'Allah, alors que pas plus tard que samedi soir un citoyen se faisait poignarder au nom d'Allah c'est jouer avec le feu ! 

Ne faÃ®tes pas les innocents et les Ã©tonnÃ©s maintenant https://t.co/LkD8tCNJeI"
50,Coucou @ViConcerta tu pourrais Ã©viter de mettre des statuts sur Facebook comme quoi je suis un sale nazi s'il te plait
51,Refus de rendre un service ( le Samu est un service public) Ã  une personne de couleur est raciste Rendre un service voir le code pÃ©nal sur le sujet Lui dire d' appeler un autre numero avec un temps d' attente alors q mourante c' est raciste https://t.co/jHfCiTEVtm
52,@darkologi @__Fenomeno @OL @OLPlusOfficiel Ce Fdp Ã  plus de tweet sur L'OM que sur son club de salope il a mÃªme fais une Ã©quipe type de ligue 1 avec trois marseillais il pue le seume et nous jalouse grave ce raciste
53,"#generationidentitaire laisser un com sous un tweet de militante, voir un supporter rÃ©pondre sieg heil puis sale youpine, en voir un autre trouver Ã§a cool, voir la militante laisser dire, en dÃ©duire que 22 ans est assez vieux pour aller camper mais pas pour gÃ©rer son image online https://t.co/YmwBoUjd5l"
54,"Tâ€™as tout comprit. Elle est blanche donc elle nâ€™a pas Ã  dÃ©terminer ce qui est raciste ou non pour une maghrÃ©bine. Et si elle insiste sur le fait que le terme nâ€™est pas raciste, fun fact : elle est raciste. https://t.co/uWjxR2btUB"
55,"Pour rappel gÃ©opolitique : les islamistes radicaux prÃ´nent un totalitarisme raciste qui assassine non pour ce que ses Â«Â ennemisÂ Â» font mais pour ce quâ€™ils sont. Notre modÃ¨le laÃ¯c, dÃ©mocratique et rÃ©publicain les exaspÃ¨re. DÃ©fendons-le !"
56,"@pascalfagnoux En tant que reprÃ©sentante de l' #UNEF moi aussi Ã§a me gÃªne, ce n'est pas la peine de me taxer pour autant de raciste. Merci, d'avance."
57,"DÃ©capitÃ© un passant c'est ca ton projet de vie sale muslim de merde ? Vous n'avez aucune dignitÃ© sale bougnoule â€” Ah non lÃ  ma chÃ©rie c'est le fafshon faux pas !

""Sale muslim de merde"" puis ""sale bougnoule"", oÃ¹... https://t.co/tQc5B6BQle"
58,"- Bonjour Action Ou VÃ©rite ?
- VÃ©ritÃ© 
- ÃŠtes vous raciste ?
- Trop facile comme question : je peux prendre Action ?
- Oui bien sur ; pouvez-vous serrer la main Ã  Mehdi ; notre stagiaire en rÃ©gie ?
- Heu c'Ã©tait quoi VÃ©ritÃ© dÃ©jÃ  ? https://t.co/6gOI9yEDeq"
59,"DÃ©finition de la racaille macroniste : Aucun argument et appel Ã  la violence.
Pas Ã©tonnant qu'ils s'entendent aussi bien avec l'extrÃªme droite, et prÃ©fÃ¨rent les identitaires qui refoulent les rÃ©fugiÃ©s aux insoumis qui soutiennent les Ã©tudiants. 
#Macron #LREM #DictatureEnMarche https://t.co/NUYqzk73J0"
60,"Bonjour @YTCreateurs , comment expliquez vous que ce multi rÃ©cidiviste condamnÃ© par la justice puisse en etre a sa 32EME CHAINE ???
Il appelle rÃ©guliÃ¨rement au meurtre contre ma personne (Ã©gorgement plus prÃ©cisÃ©ment) et balance son vomi raciste...
https://t.co/lUuMgBP2oa"
61,"@libe PolÃ©mique câ€™est au bistrot, on parle dâ€™islamophobie de la fachosphÃ¨re et de la gauche-raciste, celle de Valls et du Printemps RÃ©pubiKKKin."
62,"3/11 Dans son immense courage, Monsieur @laurentbouvet a lancÃ© une campagne de #cyberharcÃ¨lement contre la prÃ©sidente de @lâ€™UNEF. Un dÃ©ferlement de haine #raciste, #sexiste et #islamophobe, Ã  lâ€™image du @printempsrepub et de ses reprÃ©sentants. https://t.co/pmSFvAJVKW"
63,"So les populations Ã©ligibles au traitement sont les personnes LGBT, les travailleur-ses du sexe, les personnes migrantes rÃ©cemment arrivÃ©es en France (qui sont trÃ¨s  majoritairement infectÃ©es APRES leur arrivÃ©e en France et non avant, donc pas de raccourci raciste ici, svp)
11/"
64,"@LLP_Le_Vrai ""racaille sioniste"" et mieux dÃ©noncer ""les terroristes sionistes"" qui continuent leurs massacres de palestiniens dans leur terre spolliÃ©e"
65,"Le thread nominatif de 11 tweets, avec mensonges, calomnies, fausses correspondances... Ã§a ce nâ€™est pas du #Cyberharcelement et de lâ€™appel au lynchage... câ€™est normal. #islamoclownisme https://t.co/jNJl99tYYQ"
66,"Les #Palestiniens sont en train de se faire massacrer par la racaille #sioniste. 41 morts civils et 900 blessÃ©s depuis ce matin ! 
La France est complice de ces massacres ainsi que l'Union europÃ©enne qui ne fait rien.
#Trump https://t.co/AUEuHUDjZN"
67,C'est quoi la diffÃ©rence entre l' @UNEF et le FN ? Au moins le FN n'a pas le toupet de donner des leÃ§ons d'antiracismes. https://t.co/0hQm4wDVOd
68,"@Juan_Nutella Alors c est que t as pas vu une certaine partie de la communautÃ© noire chialer a l apartheid, j ai des liens si tu veux. Enfin, ca n a rien de raciste ce sont des faits logiques, a forces de ramener tout le tiers monde et ses us et coutumes, ca paraÃ®t normal."
69,"-lait nazi son dÃ©s violeur mÃ©fi toi de hugo bossse
- dauphin https://t.co/GzAScrMKCl"
70,"Tout notre soutien Ã  Maryam Pougetoux, prÃ©sidente de lâ€™UNEF Paris IV, victime dâ€™une campagne de harcÃ¨lement raciste en ligne. https://t.co/XlmBXoD8kk"
71,"Les militants contre le racisme anti-blanc quand Nekfeu a dit ""moi j'suis blanc, donc bÃ©nÃ©ficiaire de leur systÃ¨me raciste"" ils se sont senti trahit comme Jon Snow quand il se fait poignarder par ses camarades"
72,En 3 heures dâ€™Ã©cart elle dÃ©nonce les offensives racistes en lanÃ§ant une offensive raciste câ€™est lâ€™inception de lâ€™anti racisme mdr ne reproduisez pas Ã§a chez vous https://t.co/THSbH5VITo
73,"Au moment oÃ¹ #Trump s'apprÃªte Ã  transfÃ©rer l'Amabassade US Ã  JÃ©rusalem, un acte de guerre et de chaos pour le PO et MO. Le BrÃ©sil qui accueille l'une des rares ambassades de Palestine a un candidat nÃ©o-nazi prÃªt Ã  suivre #Trump #Bolsonaro  #Lula fou de rage #staff2018 https://t.co/EXk2nCdeZ4"
74,"CÃ©lÃ©bration de la nomination du Maire de Cagnes-sur-Mer Mr. Louis Negre comme 
officier de l'Ordre Royal de l'Etoile polaire avec la communautÃ© suÃ©doises Ã  Cagnes. @NiceMatinCagnes @VilledeCagnes @AmbassadeurSE https://t.co/orE5nOj7rE"
75,@chxgtl Tâ€™es blanche tâ€™as pas Ã  me dire ce qui est raciste pour ma communautÃ© en fait. Donc oui tâ€™es raciste.
76,"BrÃ©sil 

Bolsonaro, candidat nÃ©o-nazi, soutenu par #Netanyahu, l'ultra droite IsraÃ«lienne, les chrÃ©tiens Libanais et un nombre de brÃ©siliens blancs racistes et dÃ©gÃ©nÃ©rÃ©s, considÃ¨re les rÃ©fugiÃ©s syriens et autres comme les dÃ©chets de la Terre! #Ordure #UsÃ© #UneBalleUneSeule #CrÃ¨ve https://t.co/c44Cjkm9UQ"
77,Quand @ccif ose parler de dÃ©ferlement de haine raciste alors qu'il en est l'un des acteurs majeurs... Toujours la mÃªme rengaine avec ces gens-lÃ  : se poser en victimes et poursuivre leur campagne de dÃ©nigrement. Qui peut les prendre au sÃ©rieux ? https://t.co/2ztrbqSWMP
78,"@chxgtl MAIS Tâ€™ES BLANCHE, tâ€™as pas Ã  me dire si câ€™est raciste ou non ???? Ã‰duque toi, tâ€™as accÃ¨s Ã  pleins de trucs pour savoir que câ€™est raciste. Et si on te dis de pas lâ€™utiliser tu lâ€™utilise pas sinon tâ€™es raciste, point."
79,"#ParisAttack 
Non seulement ce genre de racaille islamiste tue nos concitoyens, mais en plus il faut dÃ©penser de l'argent public pour leur porter secours.
CrÃ¨ve charogne... https://t.co/QBZZYEZRSx"
80,"ğŸ”´P. #Pelloux sur BFM : ""Il faut nommer ce qui nous menace en ğŸ‡«ğŸ‡· et tue les FranÃ§ais ! Au risque de me faire traiter d'islamophobe... je m'en fiche je ne suis pas raciste.. ""
#Macron ""ne parle pas d'islamisme radical : ""Ã‡a manque un peu. On gagne toujours Ã  nommer l'ennemi"" 1/2 https://t.co/9JiyzX11TC"
81,"@Le_Snooch @dontbotherwithu @RokhayaDiallo Alors cher raciste va falloir revenir Ã  ton premier tweet merdique dans ce fil.
Tu parles de victimisation parce quâ€™on dÃ©nonce que lÃ  Tv assimile notre nature de cheveux Ã  la laideur, au profit du cheveux Â«Â occidentalÂ Â» lisse.
Commence par chercher la dÃ©finition du mot dâ€™ailleurs"
82,"Mais Ras le bol de ces personnes qui nous emmerdent Ã  longueur de journÃ©e avec leurs problÃ¨mes mÃ©taphysiques. La france a des coutumes, des moeurs, des maniÃ¨res de s'habiller, Ã§a va pas = DEHORS !!! https://t.co/UfDZfJTHnW"
83,Le pasteur qui va prendre la parole Ã  la cÃ©rÃ©monie Ã  JÃ©rusalem Raciste selon Mitt Romney https://t.co/9O08vKPWAv
84,Normalement pour partir en GAV c'est 12 grammes mais Comme t'as dis un renoi ou rebeu peut y aller pour un seul teh ! https://t.co/poImrBD4Xz
85,Ptdr je crois tu veut pas comprendre enfaite quand un mot est considerÃ© comme pÃ©joratif et raciste ON EVITE DE Lâ€™UTILISER mais vu que madame veut changer les rÃ¨gles du monde okaaaaaaaaaaaaaay va dire nigga Ã  un noir pcq cest comme dire homies i m b e c i l e s https://t.co/JplmPZoobA
86,Ptdrrrrrrrr le jackpot messieurs dames https://t.co/ArsCRnTQrQ
87,"Alors ce n'est pas un pseudo raciste/islamophobe de Twitter qui va se permettre de me dire si je suis oui ou non franÃ§aise aprÃ¨s avoir prononcÃ©e la Chahada et choisie ma religion.

Cordialement, une franÃ§aise musulmane et fiÃ¨re de l'Ãªtre."
88,"Mais que deviennent les philosophies alternatives ? #Proudhon, #Marx, #Engels, #Kropotkine doivent se retourner dans leurs tombes en voyant tout ces jeunes dans des assos de gauche @UNEF @GenerationsMvt etc qui croient Ãªtre de gauche, anti-raciste en dÃ©fendant des femmes voilÃ©es"
89,vous pensez vraiment nous assassiner avec du jambon ou de la saucisse les gars? Ã§a me fume les raciste qui mettent du porc devant chez nous en mode on brÃ»le face au cochon bandes dâ€™abrutis ğŸ˜­
90,@Le_Snooch @dontbotherwithu @RokhayaDiallo En prenant dâ€™ailleurs bien le soin de comparer cette phrase raciste avec des traces lait ... pourquoi se sentir piquÃ© Ã  ce point ?! Avec une comparaison de connard qui nâ€™a aucun sens ? Câ€™est quoi ton problÃ¨me avec les Noirs ?
91,"@pamelacfn88 Quelle honte, c'est qui tire????? Putain mais vous avez pas mal au couilles!!! Ce sont les soldats IsraÃ©liens qui en font de la chair Ã  canons, comment osez vous dire le contraire! Vous n'avez plus aucun argument pour dÃ©fendre ce pays RACISTE, ASSASSIN, donc on sort des Ã©normitÃ©s"
92,Vrai negro nâ€™a rien Ã  prouver .
93,la pensÃ©e zÃ©ro rÃ¨gne Ã  cette unef philo islamiste antisÃ©mite et doit Ãªtre dissoute par le gouvernement pour insulte aux droits de la femme libre de son corps  sans voile ni religiositÃ© patriarcale. https://t.co/LQY8A3RDKx
94,"@GilbertCollard La justice #deniOuiOu ?
Tt que ""Mon ennemi c le #populisme"" &amp; sa menace #fasciste fantasmÃ©e fera des pacifiques #identitaires LA cible du #gvt au lieu d'un #islamisme que l'on n'ose mÃªme pas nommer, encore moins dire que c1 #migrant...RIEN ne les arrÃªtera
ğŸ’”
#AllahuAkbar=#racisme https://t.co/stdICaU0NY"
95,"C plein de terroriste grace a l'onu qui nous a dit detre moin raciste par des pays qui son musulment ayoye ,l'onu devrais disparaitre c des fou ces pros migrant qui massacre des innocent . https://t.co/198BxESQ1o"
96,"@VendeenOL @mbatshuayi FidÃ¨les a vous mÃªme les lyonnais, ""bamboula""... De vrais fachos, manque plus qu'une insulte misogyne et une croix gammÃ©e."
97,Les raciste câ€™est vraiment des gros debiles en mode on va fondre devant du Justin bridou https://t.co/KB5dtLFCVZ
98,"Qd on se dit anti-raciste et qu'on dit que les blancs sont 1 race tout Ã§a pour du buzz!
Waouh moi qui suis issu de l'immigration je le prends comment?
""Vous les whites"" non mais on rÃªve!!!! https://t.co/rOkOt8wXxi"
99,"@david_rachline Voici Mercy, celle qui a inspirÃ© la chanson de Madame Monsieur et qui vous fait tellement peur M. Rachline. Oui le FN est raciste. Oui le FN est un parti d'extrÃªme droite. Vous n'Ãªtes qu'une merde. #Eurovision2018 https://t.co/rvDNHJe5qM https://t.co/3LxeeFE0dL https://t.co/GhMzwomDA4"
100,Parce qu'aucun autre pasteur digne de ce nom pouvait cautionner cette cÃ©rÃ©monie. Au moins ils ont 2 pasteurs cohÃ©rents et compatibles avec le gouvernement raciste d'extrÃªme-droite qui dirige l'entitÃ© occupante. #JÃ©rusalem #Israel https://t.co/2deUyen7nB
101,"Un libertin est quelqu'un qui s'affranchit des rÃ¨gles de la sociÃ©tÃ© ou religieuses.PerpÃ©tuer des fantasmes racistes mettant en action un homme noir considÃ©rÃ© que par le prisme de sa couleur et sa ""survirilitÃ©"", une bÃªte de sexe en somme, c'est rÃ©trograde, raciste et j'en passe"
102,"14 Mai

#AurelieChatelainğŸ‡«ğŸ‡·

1121 jours  qu'AurÃ©lie ChÃ¢telain ğŸŒ¹a Ã©tÃ© assassinÃ©e par une racaille d'islamiste
1121 jours que son assassin respire sans en avoir le droit et toujours pas de procÃ¨s ğŸ˜¡
On ne pardonnera jamaisğŸ‘
Pour que nul n'oublieğŸ’” https://t.co/TBXRyl79Sy"
103,"Brand NEW ğŸš¨ Retrouvez moi sur ce hit , ce classique s/o Ariel Sheney ... Force Ã  mon negro LobofouÃ¨ ğŸŒ¹ğŸ”¥ Ariel Sheney - MAMACITA feat Sindika  ( Audio Officiel ) https://t.co/1ZlQXLyWsk via @YouTube @la_rozerie"
104,"Avec tant d'autres,ils sont morts pour leur patrie palestinienne.Saluons la mÃ©moire des courageux rÃ©sistants palestiniens contre l'occupant barbare,raciste,fasciste..  
ILS pleurent sur leurs malheurs,tandis qu'ils meurtrissent une partie de la planÃ¨te,pas seulement la Palestine! https://t.co/Q418JWhhTX"
105,"En 2011, le NPA s'Ã©tait dÃ©chirÃ© sur le choix d'une candidate voilÃ©e. S'interroger sur la symbolique du voile dans une organisation de gauche, laÃ¯que et (au moins nominalement) fÃ©ministe Ã©tait donc lÃ©gitime. En 2017, Ã  l'Unef, toute rÃ©serve sur le mÃªme sujet est devenue ""raciste""."
106,"Donc questionner lâ€™incohÃ©rence idÃ©ologique dâ€™un syndicat Ã©tudiant qui prÃ©tend dÃ©fendre des principes progressistes (contraception, IVG, mariage pour tous...) tout en ayant comme porte-parole locale une jeune femme affichant ostensiblement sa foi religieuse... câ€™est Ãªtre sexiste ? https://t.co/Kkc2ojIe6e"
107,"@iSwiizYT @WEIZKOO @Kuzo_TR @Thenewpxx @TheAiglow78 @LinedR3K @BaDZzYTB Ta 18 ans,tu travaille au McDo pr acheter un grade sur un jeu cubique dont ta mm pas pu profiter,t'es raciste et lÃ¢che des WAllah,tu veux vraiment parler de mec chelou ? https://t.co/lWV636pFNT"
108,"ArrÃªtez de dire les mots "" beurette "", "" niafou "", "" noirte "", SVP. C'est dÃ©gradant ET raciste. #BeurettesVSNoirtes"
109,"@RAMAHERVE @suavelos_fr Ce qui est pÃ©nible, c'est qu'en France on fasse le contraire et qu'on ait du mal Ã  trouver du porc dans les Ã©tales pendant le ramadan. Par contre le halal est toujours bien fourni. BientÃ´t acheter et manger du porc sera considÃ©rÃ© comme raciste."
110,"La belle hÃ´tesse de l'air tunisienne Ghofrane Binous victime de propos racistes de la part d'une passagÃ¨re ! Heureusement que le commandant de bord a eu l'audace de virer cette raciste avant le dÃ©collage vers la Turquie.
#Tunisair
#Tunisia
#Tunisie
#racisme https://t.co/xga6yplUAz"
111,"La gauche immigrationniste le matin :  ouin ouin câ€™est raciste de vouloir protÃ©ger les frontiÃ¨res.

La gauche immigrationniste le soir :  ouin ouin on vient nous tuer en plein Paris alors que Paris est une fÃªte...

#GaucheTarÃ©e"
112,"L'UNEF condamne un ""dÃ©ferlement de haine raciste, sexiste et islamophoble"" contre une responsable https://t.co/6viacGgqHM https://t.co/8w8z4XAIWy"
113,"@solere92 @gouvernementFR Vous nâ€™avez pas honte?Vous osez? Retournez Ã  lâ€™anonymat, on ne vous supporte plus! Jâ€™espÃ¨re bien que Macron ne vous fera jamais rentrer dans son gouvernement ! CE serait rÃ©compenser la racaille politique dont vous Ãªtes un des plus beau spÃ©cimen !"
114,"@Foreign_Cat @HuffPostQuebec Seulement sÃ©paratiste ?? Mais si c'est un raciste, xÃ©nophobe, ultra-catholique, macho et dit que les Catalans ont un crÃ¢ne plus grand que les autres."
115,@RachSago @MabsleTouns @BernardCalmels @Sara_Syr @metallique53 @Stephane_Ravier Je ne perds plus mon temps avec des dÃ©chets allez ciao racaille
116,"OÃ¹ est passÃ©e la gauche franÃ§aise qui a tant combattu pour la laÃ¯citÃ© ? A-t-on encore le droit d'Ãªtre surpris de voir la responsable d'un syndicat de gauche et non-religieux porter un voile sans se faire traiter ""d'islamophobe"", de ""raciste"", de ""sexiste""? https://t.co/l7H0omGgE3"
117,"WMDKSKSKDKDKDK wallaye, Ã§a va commenter tous ses posts Ã  base de Â«Â ce nÃ¨gre des champs dÃ©nature le chants de mes ancÃªtres parce queÂ ?Â Â» https://t.co/ogoipvEz1f"
118,"MÃ©diapart et Soral, mÃªme combat : ""ne pas aimer les immigrÃ©s c'est mal, oin oin"" - Azealia Banks ne veut plus jamais retourner en IsraÃ«l car c'est un pays trop raciste. https://t.co/vcLe4uhSQf https://t.co/XI522eizRw"
119,"Telle est Rokhaya : un jour glamour et souriante dans les medias people, un jour dÃ©nonÃ§ant la France raciste et sexiste sur Al Jazeera, le media qatari ! 2/3"
120,"mdrr tout le monde sais que ce mots ne veux plus dire ce qu'il voulait dire, sa crie au racisme betement hors que la plus part du temps cest ceux qui voit le racisme partout qui le sont https://t.co/Y0cRCrQwyz"
121,"En tant que chretien, je vous le dis : vous me dÃ©goÃ»tez autant que musulmans qui imposent leur religion, autant que les juifs ultra orthodoxe et hyper raciste. Vous Ãªtes tous dans le mÃªme sac Ã  merde https://t.co/CUEHvsvPBz"
122,"Raciste et islamophobe, les mots magiques sont lancÃ©s! ğŸ™„ğŸ˜¤
Dites, on a le droit de penser aussi qu'une syndicaliste Ã©tudiante qui s'affiche avec des signes religieux ostentatoires c'est choquant car aucune religion ne prÃ´ne l'#Ã©galitÃ©FH 
Quel recul de la part de l'#UNEF https://t.co/JCv2k1Uyl0"
123,"Loi sur les Â«fake newsÂ», dÃ©placement de la salle de presse de l'ElysÃ©e, loi Â«secret des affairesÂ» ou encore la rÃ©Ã©criture d'interviews... : jamais un PrÃ©sident de la Ve RÃ©publique n'a autant bridÃ© la libertÃ© d'expression et muselÃ© la presse.
https://t.co/XOivDwNmU4"
124,"@CNEWS la reaction des Israeliens pour se defendre nous choquent nous FranÃ§ais habituÃ©s a subir les agressions des black-blocs , des zadistes ou de la racaille sans que nos forces de l'ordre bougent !!"
125,"Que toutes les personnes qui parlent de racisme dans le dÃ©cÃ¨s de la malheureuse Naomi sachent qu'elles sont IDIOTES.
Comment l'agent du SAMU pouvait savoir que l'appelante Ã©tait noire ?
Mais arrÃªtez la victimisation raciste, Ã§a devient ridicule ğŸ‘ğŸ‘

https://t.co/PA5e76tRcB"
126,@el_pedrooooo La racaille bavaroise doit Ãªtre Ã©radiquÃ©
127,Pas etonnant... https://t.co/xh0TnMOtOF
128,"@CristiB_ Moi j'avoue que je suis pas fan mais je comprends ce que tu veux dire. AprÃ¨s perso comme je suis pas racisee je ferais jamais de blague raciste etc.. Mais la ouais TeX, sa mysoginie crÃ¨ve les yeux.."
129,@umut_bozok @YoannGillet_fn @FN_Occitanie @objectifgard @jsanchez_fn @F3Languedoc @nimes @MLP_officiel @fn_gard @bleugardlozere @FN_officiel ğŸ˜‚ğŸ˜‚ je le connai ps mais je pense il est raciste Ã  1000% ğŸ‡«ğŸ‡·ğŸ‡¹ğŸ‡·
130,@YoannGillet_fn @umut_bozok @FN_Occitanie @objectifgard @jsanchez_fn @F3Languedoc @nimes @MLP_officiel @fn_gard @bleugardlozere @FN_officiel Mon meilleur exploit c'est d'aimer tous les drapeaux existant sur terre Mr le #raciste #humour #libertÃ©dexpression ğŸ˜„â¤ï¸
131,Shirley; tu nâ€™es pas maghrÃ©bine donc tu acceptes quand une maghrÃ©bine te dis que câ€™est raciste et tu continues ta vie sans utiliser ce mot. https://t.co/Zlw9xGhbsy
