Terme,Catégorie,Source
asiate,Racisme/Homophobie,Google dictionnaire Android
babouin,Racisme/Homophobie,Google dictionnaire Android
bamboula,Racisme/Homophobie,Google dictionnaire Android
bicot,Racisme/Homophobie,Google dictionnaire Android
blaireau,Racisme/Homophobie,Google dictionnaire Android
blanc-bec,Racisme/Homophobie,Google dictionnaire Android
Bougnoul,Racisme/Homophobie,toutestsoncontraire.wordpress.com
caillera,Racisme/Homophobie,Google dictionnaire Android
Chintoque,Racisme/Homophobie,toutestsoncontraire.wordpress.com
chochotte,Racisme/Homophobie,Google dictionnaire Android
crépu,Racisme/Homophobie,Google dictionnaire Android
enturbanné,Racisme/Homophobie,Google dictionnaire Android
épuisé,Racisme/Homophobie,Google dictionnaire Android
frisé,Racisme/Homophobie,Google dictionnaire Android
homo,Racisme/Homophobie,Google dictionnaire Android
israélite,Racisme/Homophobie,Google dictionnaire Android
judas,Racisme/Homophobie,Google dictionnaire Android
météque,Racisme/Homophobie,Google dictionnaire Android
météques,Racisme/Homophobie,Google dictionnaire Android
Négre,Racisme/Homophobie,toutestsoncontraire.wordpress.com
négritude,Racisme/Homophobie,Google dictionnaire Android
Négro,Racisme/Homophobie,toutestsoncontraire.wordpress.com
néonazi,Racisme/Homophobie,Google dictionnaire Android
Nigga,Racisme/Homophobie,toutestsoncontraire.wordpress.com
Nigger,Racisme/Homophobie,toutestsoncontraire.wordpress.com
noiraud,Racisme/Homophobie,Google dictionnaire Android
racaille,Racisme/Homophobie,Google dictionnaire Android
raton,Racisme/Homophobie,Google dictionnaire Android
rital,Racisme/Homophobie,Google dictionnaire Android
ritals,Racisme/Homophobie,Google dictionnaire Android
swastika,Racisme/Homophobie,Google dictionnaire Android
tante,Racisme/Homophobie,Google dictionnaire Android
tata,Racisme/Homophobie,Google dictionnaire Android
youpin,Racisme/Homophobie,Google dictionnaire Android
youpins,Racisme/Homophobie,Google dictionnaire Android
