Terme,Source
babouin,Google dictionnaire Android
babtou,Wiktionnaire
bamboula,Google dictionnaire Android
banania,Wiktionnaire
bic,Wiktionnaire
bicot,Google dictionnaire Android
bicotte,Wiktionnaire
blaireau,Google dictionnaire Android
blanc-bec,Google dictionnaire Android
boche,Wiki French Ethnic Slurs
bosch,Hatebase
bosche,Hatebase
bosnioule,Wiktionnaire
boucaque,TV5 Monde
bougnoul,toutestsoncontraire.wordpress.com
bougnoule,Wiki French Ethnic Slurs
boukak,Wiktionnaire
bounioul,Wiktionnaire
bounioule,Wiktionnaire
bridé,Wiki French Ethnic Slurs
bridée,Wiki French Ethnic Slurs
cafre,Wiktionnaire
caillera,Google dictionnaire Android
caldoche,Wiktionnaire
chicano,Wiktionnaire
chinetoque,Wiki French Ethnic Slurs
chinoir,Wiktionnaire
chintoque,toutestsoncontraire.wordpress.com
chleuh,Wiki French Ethnic Slurs
chochotte,Google dictionnaire Android
crépu,Google dictionnaire Android
crouille,Wiktionnaire
doryphore,Hatebase
enturbanné,Google dictionnaire Android
épuisé,Google dictionnaire Android
fatma,TV5 Monde
frisé,Google dictionnaire Android
gnoul,Wiktionnaire
gnoule,Wiktionnaire
homo,Google dictionnaire Android
israélite,Google dictionnaire Android
judas,Google dictionnaire Android
krèle,Wiktionnaire
macaca,Hatebase
macaroni,Wiki French Ethnic Slurs
melon,Hatebase
météque,Google dictionnaire Android
météques,Google dictionnaire Android
mouloud,Wiktionnaire
moulouds,Wiktionnaire
mulâtre,TV5 Monde
nègre,Google dictionnaire Android
négritude,Google dictionnaire Android
négro,toutestsoncontraire.wordpress.com
néonazi,Google dictionnaire Android
niak,Wiktionnaire
niakoué,TV5 Monde
niaqué,TV5 Monde
niaquoué,TV5 Monde
nigga,toutestsoncontraire.wordpress.com
nigger,toutestsoncontraire.wordpress.com
noiraud,Google dictionnaire Android
porto,Wiki French Ethnic Slurs
portos,Wiki French Ethnic Slurs
racaille,Google dictionnaire Android
raton,Google dictionnaire Android
rital,Google dictionnaire Android
ritals,Google dictionnaire Android
rosbif,Wiki French Ethnic Slurs
swastika,Google dictionnaire Android
tante,Google dictionnaire Android
tata,Google dictionnaire Android
toubab,TV5 Monde
youd,Wiki French Ethnic Slurs
youpin,Google dictionnaire Android
youpine,TV5 Monde
youpins,Google dictionnaire Android
